﻿{"cameraMode":{"drawMode":0,"name":"Shaded","section":"Shading Mode"},"sceneLighting":false,"audioPlay":false,"sceneViewState":{"m_AlwaysRefresh":false,"showFog":true,"showSkybox":false,"showFlares":true,"showImageEffects":true,"showParticleSystems":true,"showVisualEffectGraphs":true,"m_FxEnabled":true},"in2DMode":false,"pivot":{"x":14.462928771972657,"y":2.6753618717193605,"z":8.44759750366211},"rotation":{"x":-0.005239956546574831,"y":0.9795294404029846,"z":0.02571849897503853,"w":0.1995806097984314},"size":16.23827362060547,"orthographic":true}