﻿{"cameraMode":{"drawMode":0,"name":"Shaded","section":"Shading Mode"},"sceneLighting":true,"audioPlay":false,"sceneViewState":{"m_AlwaysRefresh":false,"showFog":true,"showSkybox":true,"showFlares":true,"showImageEffects":true,"showParticleSystems":true,"showVisualEffectGraphs":true,"m_FxEnabled":true},"in2DMode":false,"pivot":{"x":19.975486755371095,"y":2.2711329460144045,"z":0.0000026226043701171877},"rotation":{"x":-0.21452981233596803,"y":0.26130005717277529,"z":-0.05968404933810234,"w":-0.9392222166061401},"size":10.0,"orthographic":false}